RegionID,City,State,Latitude,Longitude,PopulationSegment,MonthlySearchDemand,ExistingCompetitors,MedianAnnualIncomeINR,LeadConversionRate,EstimatedAcquisitionCostINR
REG-0001,Delhi,Delhi,28.65506,77.14308,Student,1071,9,812870,0.1116,618
REG-0002,Hyderabad,Telangana,17.45908,78.36344,Student,654,15,938393,0.1228,748
REG-0003,Delhi,Delhi,28.56055,77.13678,Professional,574,10,445873,0.1191,634
REG-0004,Kolkata,West Bengal,22.70194,88.38826,Professional,389,4,802466,0.0308,330
REG-0005,Pune,Maharashtra,18.58053,73.76657,Student,538,11,370930,0.0974,150
REG-0006,Delhi,Delhi,28.76618,77.27371,Early Career,658,1,824934,0.0926,191
REG-0007,Delhi,Delhi,28.76743,77.30769,Early Career,938,15,733993,0.1369,258
REG-0008,Jaipur,Rajasthan,26.79367,75.92059,Professional,1529,11,512659,0.0401,503
REG-0009,Ahmedabad,Gujarat,22.97992,72.42768,Professional,645,14,523812,0.1113,611
REG-0010,Delhi,Delhi,28.62477,77.06437,Early Career,568,13,905667,0.0736,776
REG-0011,Delhi,Delhi,28.4975,77.09488,Student,972,13,711256,0.0714,632
REG-0012,Ahmedabad,Gujarat,22.89496,72.72614,Student,1006,11,1045732,0.1379,465
REG-0013,Hyderabad,Telangana,17.23701,78.34751,Early Career,1022,10,968105,0.1181,803
REG-0014,Chennai,Tamil Nadu,12.93665,80.4319,Professional,1185,12,921371,0.0213,315
REG-0015,Pune,Maharashtra,18.63855,73.98183,Student,968,10,473003,0.0885,137
REG-0016,Bengaluru,Karnataka,13.12147,77.67611,Early Career,1684,3,693729,0.1254,253
REG-0017,Kochi,Kerala,9.8187,76.34167,Early Career,1088,5,909638,0.1235,554
REG-0018,Ahmedabad,Gujarat,23.08811,72.57716,Professional,1253,11,940409,0.0963,423
REG-0019,Ahmedabad,Gujarat,23.02191,72.40743,Early Career,1782,12,588451,0.1103,475
REG-0020,Chennai,Tamil Nadu,13.09299,80.12267,Professional,439,2,1032851,0.0546,722
REG-0021,Ahmedabad,Gujarat,22.84656,72.55999,Early Career,392,4,959731,0.053,121
REG-0022,Hyderabad,Telangana,17.28712,78.39926,Early Career,549,5,389808,0.0473,703
REG-0023,Kolkata,West Bengal,22.49546,88.31555,Professional,522,14,689964,0.1084,584
REG-0024,Jaipur,Rajasthan,26.79553,75.71901,Professional,308,4,768486,0.1198,660
REG-0025,Pune,Maharashtra,18.59015,73.89567,Professional,309,7,333614,0.0478,201
REG-0026,Delhi,Delhi,28.6702,77.29768,Early Career,773,13,759360,0.047,244
REG-0027,Kochi,Kerala,9.89077,76.21609,Student,1816,1,410449,0.1381,613
REG-0028,Bengaluru,Karnataka,12.89651,77.69851,Student,707,3,866296,0.1092,397
REG-0029,Hyderabad,Telangana,17.42029,78.55545,Student,1221,1,1040147,0.0814,795
REG-0030,Delhi,Delhi,28.69448,77.38481,Student,1769,7,713655,0.0224,776
REG-0031,Kolkata,West Bengal,22.41062,88.33834,Early Career,606,14,910397,0.132,729
REG-0032,Ahmedabad,Gujarat,23.19653,72.55775,Student,1712,4,506313,0.0676,300
REG-0033,Jaipur,Rajasthan,26.94328,75.91693,Student,1328,14,1007634,0.1367,174
REG-0034,Hyderabad,Telangana,17.56106,78.51216,Early Career,784,11,964340,0.0317,91
REG-0035,Ahmedabad,Gujarat,22.87446,72.41692,Early Career,1075,11,1013469,0.1283,637
REG-0036,Kochi,Kerala,9.99669,76.43449,Early Career,878,12,915867,0.0563,740
REG-0037,Delhi,Delhi,28.69895,77.26231,Student,1462,8,320985,0.13,726
REG-0038,Bengaluru,Karnataka,12.93753,77.4654,Student,1785,5,604258,0.057,711
REG-0039,Delhi,Delhi,28.7055,77.36735,Early Career,957,14,841129,0.0467,687
REG-0040,Ahmedabad,Gujarat,22.9934,72.69919,Early Career,1634,11,437021,0.0593,546
REG-0041,Mumbai,Maharashtra,19.11028,73.00589,Professional,1884,2,731823,0.0627,685
REG-0042,Bengaluru,Karnataka,12.94304,77.52769,Student,327,10,348345,0.0946,792
REG-0043,Hyderabad,Telangana,17.29011,78.56191,Early Career,1128,11,609943,0.0769,781
REG-0044,Mumbai,Maharashtra,19.01753,72.73652,Student,1161,11,1018407,0.1148,419
REG-0045,Bengaluru,Karnataka,12.95377,77.45047,Early Career,1477,6,856121,0.0718,293
REG-0046,Delhi,Delhi,28.57008,77.09152,Professional,1066,2,647679,0.0436,241
REG-0047,Bengaluru,Karnataka,12.96643,77.41502,Professional,1895,15,766071,0.0721,193
REG-0048,Kolkata,West Bengal,22.48058,88.47539,Student,970,4,336195,0.0407,268
REG-0049,Kolkata,West Bengal,22.67582,88.33415,Professional,834,8,953063,0.0993,98
REG-0050,Bengaluru,Karnataka,12.98418,77.74394,Professional,1286,1,367333,0.1352,600
REG-0051,Ahmedabad,Gujarat,22.99495,72.50372,Early Career,407,6,875740,0.0467,422
REG-0052,Ahmedabad,Gujarat,22.88827,72.53678,Early Career,928,3,885507,0.0229,416
REG-0053,Chennai,Tamil Nadu,12.97675,80.11205,Professional,1409,8,847945,0.0234,332
REG-0054,Kolkata,West Bengal,22.53951,88.27028,Early Career,930,3,522604,0.1166,615
REG-0055,Hyderabad,Telangana,17.41791,78.36727,Early Career,1150,6,874912,0.0956,547
REG-0056,Hyderabad,Telangana,17.29221,78.34306,Early Career,530,2,780081,0.0622,416
REG-0057,Delhi,Delhi,28.75857,77.32204,Professional,1614,15,900191,0.0896,595
REG-0058,Hyderabad,Telangana,17.2899,78.36658,Professional,1378,3,729099,0.0889,125
REG-0059,Hyderabad,Telangana,17.56909,78.62389,Student,1363,2,928796,0.1039,225
REG-0060,Mumbai,Maharashtra,18.96401,72.77723,Student,310,4,686816,0.0739,845
REG-0061,Kolkata,West Bengal,22.57879,88.31337,Student,1429,13,583209,0.0286,246
REG-0062,Hyderabad,Telangana,17.29246,78.46569,Early Career,1808,1,474235,0.0646,409
REG-0063,Jaipur,Rajasthan,26.98553,75.84643,Early Career,939,13,851645,0.0424,316
REG-0064,Ahmedabad,Gujarat,22.92151,72.55769,Student,1288,13,1040528,0.1032,320
REG-0065,Delhi,Delhi,28.61095,77.25531,Student,530,10,376777,0.0844,409
REG-0066,Pune,Maharashtra,18.4005,73.87007,Professional,886,15,722997,0.0564,802
REG-0067,Hyderabad,Telangana,17.37526,78.46534,Early Career,636,9,901655,0.1303,747
REG-0068,Kolkata,West Bengal,22.58272,88.19961,Professional,911,12,332315,0.02,733
REG-0069,Hyderabad,Telangana,17.45603,78.49881,Student,1471,11,477078,0.0577,168
REG-0070,Pune,Maharashtra,18.65835,73.88462,Early Career,1762,15,829772,0.1108,191
REG-0071,Delhi,Delhi,28.44155,77.12314,Student,1415,15,907725,0.0583,220
REG-0072,Kolkata,West Bengal,22.73187,88.52684,Student,1392,14,399032,0.0637,490
REG-0073,Kolkata,West Bengal,22.51637,88.51166,Student,947,8,296894,0.0764,215
REG-0074,Bengaluru,Karnataka,13.05293,77.45754,Student,1411,15,663435,0.0893,462
REG-0075,Mumbai,Maharashtra,19.13981,72.90068,Professional,1883,13,657855,0.1341,184
REG-0076,Kolkata,West Bengal,22.52214,88.28636,Professional,371,1,673905,0.0729,174
REG-0077,Bengaluru,Karnataka,13.02794,77.71551,Early Career,344,15,415076,0.0413,500
REG-0078,Chennai,Tamil Nadu,13.00232,80.10501,Student,1376,8,775787,0.0553,628
REG-0079,Kochi,Kerala,9.8694,76.31877,Early Career,911,1,575699,0.0475,705
REG-0080,Bengaluru,Karnataka,12.84697,77.66068,Professional,1497,8,880037,0.055,428
REG-0081,Jaipur,Rajasthan,26.75739,75.77877,Professional,486,5,431510,0.0657,734
REG-0082,Hyderabad,Telangana,17.30386,78.47476,Professional,515,9,551163,0.0698,362
REG-0083,Bengaluru,Karnataka,13.1244,77.5824,Early Career,1552,8,913561,0.1382,406
REG-0084,Delhi,Delhi,28.58703,77.08551,Professional,230,13,1029912,0.1034,304
REG-0085,Chennai,Tamil Nadu,13.06299,80.2346,Early Career,665,11,597309,0.1005,627
REG-0086,Ahmedabad,Gujarat,23.09768,72.49221,Student,308,3,875363,0.0502,386
REG-0087,Mumbai,Maharashtra,18.94571,72.82943,Student,1442,1,1047851,0.0523,157
REG-0088,Kolkata,West Bengal,22.52514,88.40573,Student,1348,7,558539,0.1109,663
REG-0089,Pune,Maharashtra,18.60648,73.94971,Student,997,15,324270,0.0246,546
REG-0090,Hyderabad,Telangana,17.21578,78.46707,Early Career,1679,11,981146,0.0667,432
REG-0091,Delhi,Delhi,28.69083,77.20113,Professional,570,2,391681,0.0297,683
REG-0092,Hyderabad,Telangana,17.3722,78.62598,Student,999,4,787373,0.0339,562
REG-0093,Mumbai,Maharashtra,18.95286,72.76754,Professional,738,9,677248,0.1165,389
REG-0094,Mumbai,Maharashtra,18.92402,73.05398,Student,856,3,367474,0.1,169
REG-0095,Ahmedabad,Gujarat,23.13118,72.45789,Professional,298,14,289050,0.0809,103
REG-0096,Ahmedabad,Gujarat,23.0384,72.65732,Student,880,9,855445,0.1132,791
REG-0097,Jaipur,Rajasthan,27.07061,75.81892,Professional,1088,6,502357,0.0471,671
REG-0098,Kochi,Kerala,9.80797,76.21589,Professional,684,10,970685,0.1002,611
REG-0099,Ahmedabad,Gujarat,23.12989,72.43714,Student,1835,11,606951,0.0867,212
REG-0100,Ahmedabad,Gujarat,22.96076,72.69272,Early Career,1833,2,379186,0.034,326
REG-0101,Delhi,Delhi,28.51822,77.16518,Early Career,667,13,981577,0.0222,730
REG-0102,Pune,Maharashtra,18.49267,73.75936,Professional,1551,2,1047552,0.1191,422
REG-0103,Kochi,Kerala,9.75541,76.15945,Professional,348,12,397182,0.1325,443
REG-0104,Pune,Maharashtra,18.65233,73.83223,Professional,1466,4,961886,0.0322,284
REG-0105,Ahmedabad,Gujarat,22.88935,72.61431,Professional,1749,10,533103,0.023,752
REG-0106,Ahmedabad,Gujarat,23.08811,72.74997,Early Career,1895,10,291889,0.0842,187
REG-0107,Jaipur,Rajasthan,26.97657,75.64611,Student,1223,12,746691,0.0471,645
REG-0108,Kochi,Kerala,10.00819,76.09136,Early Career,198,9,576381,0.1287,777
REG-0109,Jaipur,Rajasthan,26.80093,75.7139,Early Career,1416,8,937840,0.0223,783
REG-0110,Jaipur,Rajasthan,27.08214,75.61904,Early Career,189,5,751809,0.117,848
REG-0111,Ahmedabad,Gujarat,22.85818,72.55883,Professional,462,15,357492,0.0479,635
REG-0112,Chennai,Tamil Nadu,13.16848,80.355,Student,865,11,617121,0.0893,179
REG-0113,Chennai,Tamil Nadu,12.90983,80.32095,Student,247,14,766608,0.1022,163
REG-0114,Hyderabad,Telangana,17.51817,78.39277,Professional,803,15,831986,0.0656,808
REG-0115,Kolkata,West Bengal,22.53039,88.44887,Professional,1060,13,877697,0.0356,430
REG-0116,Hyderabad,Telangana,17.41521,78.54074,Early Career,1855,13,559062,0.082,289
REG-0117,Hyderabad,Telangana,17.26153,78.58219,Early Career,910,2,894142,0.1337,486
REG-0118,Mumbai,Maharashtra,18.90185,72.8268,Student,1651,11,411139,0.1347,829
REG-0119,Mumbai,Maharashtra,19.18454,73.03748,Student,835,12,714154,0.1088,355
REG-0120,Chennai,Tamil Nadu,13.07977,80.18778,Student,1858,3,561411,0.0392,368
REG-0121,Chennai,Tamil Nadu,13.0098,80.42181,Early Career,237,1,375964,0.0868,144
REG-0122,Delhi,Delhi,28.65108,77.31427,Student,833,14,865985,0.022,107
REG-0123,Hyderabad,Telangana,17.50752,78.56677,Professional,1481,1,306410,0.0242,193
REG-0124,Chennai,Tamil Nadu,13.16933,80.15411,Professional,614,9,932186,0.0522,628
REG-0125,Ahmedabad,Gujarat,23.12155,72.41466,Early Career,1016,4,865244,0.0629,563
REG-0126,Delhi,Delhi,28.70961,77.04423,Early Career,237,14,570698,0.1119,205
REG-0127,Delhi,Delhi,28.51743,77.14195,Early Career,903,11,380312,0.136,726
REG-0128,Chennai,Tamil Nadu,13.08051,80.28068,Early Career,599,13,415767,0.0894,561
REG-0129,Pune,Maharashtra,18.34482,73.89099,Student,645,11,556180,0.1297,337
REG-0130,Kolkata,West Bengal,22.72962,88.20367,Professional,329,6,459867,0.0257,510
REG-0131,Kolkata,West Bengal,22.57335,88.50964,Early Career,557,11,438667,0.1275,191
REG-0132,Jaipur,Rajasthan,26.95562,75.76194,Student,1334,13,451989,0.0632,287
REG-0133,Delhi,Delhi,28.496,77.29792,Student,808,4,355105,0.0322,584
REG-0134,Chennai,Tamil Nadu,13.23622,80.16926,Student,659,4,914527,0.1289,458
REG-0135,Hyderabad,Telangana,17.34754,78.38595,Early Career,1203,10,422119,0.0186,201
REG-0136,Delhi,Delhi,28.72939,77.37035,Student,532,2,353271,0.0909,364
REG-0137,Jaipur,Rajasthan,27.00642,75.76921,Early Career,1822,7,587671,0.0834,376
REG-0138,Delhi,Delhi,28.73701,77.29415,Early Career,583,9,368945,0.1024,606
REG-0139,Ahmedabad,Gujarat,23.11031,72.43915,Professional,1723,3,891930,0.0311,740
REG-0140,Bengaluru,Karnataka,13.11978,77.67773,Student,321,2,760353,0.1357,271
REG-0141,Kochi,Kerala,9.75644,76.34753,Student,1401,14,732576,0.0578,502
REG-0142,Delhi,Delhi,28.51698,77.09598,Student,764,10,912449,0.0331,712
REG-0143,Kochi,Kerala,10.02065,76.22383,Student,1229,11,709467,0.0939,748
REG-0144,Hyderabad,Telangana,17.46035,78.64539,Professional,1046,1,840334,0.0772,193
REG-0145,Kochi,Kerala,10.07119,76.42031,Professional,404,10,320222,0.1022,256
REG-0146,Pune,Maharashtra,18.38504,73.82931,Student,1458,9,347885,0.0259,476
REG-0147,Kochi,Kerala,9.81333,76.20233,Student,1149,11,1004047,0.0346,618
REG-0148,Ahmedabad,Gujarat,22.95529,72.43883,Early Career,1857,8,914914,0.0335,402
REG-0149,Delhi,Delhi,28.69087,77.28103,Student,577,13,1011378,0.0332,266
REG-0150,Chennai,Tamil Nadu,13.06554,80.16256,Student,1199,11,549642,0.1201,633
REG-0151,Kochi,Kerala,9.8251,76.34508,Early Career,325,12,1031630,0.0289,144
REG-0152,Jaipur,Rajasthan,26.79307,75.93322,Early Career,1080,6,1029423,0.0267,115
REG-0153,Jaipur,Rajasthan,26.97564,75.80795,Professional,1088,8,300399,0.0768,744
REG-0154,Pune,Maharashtra,18.42058,73.90726,Student,258,12,949531,0.0916,749
REG-0155,Jaipur,Rajasthan,27.01435,75.92471,Professional,1501,3,576953,0.035,138
REG-0156,Delhi,Delhi,28.56241,77.36958,Student,964,15,939621,0.0697,135
REG-0157,Jaipur,Rajasthan,26.93158,75.76908,Student,1064,11,658817,0.0381,375
REG-0158,Jaipur,Rajasthan,26.88881,75.93666,Early Career,415,1,962401,0.1028,239
REG-0159,Kolkata,West Bengal,22.54734,88.26781,Professional,1483,10,681546,0.0237,368
REG-0160,Jaipur,Rajasthan,26.87724,75.96593,Student,1564,6,409568,0.0323,767
REG-0161,Kochi,Kerala,9.93411,76.27227,Student,1544,6,498755,0.0283,834
REG-0162,Kolkata,West Bengal,22.60299,88.45067,Professional,1687,12,570554,0.0923,305
REG-0163,Bengaluru,Karnataka,12.93945,77.64578,Student,267,1,411457,0.1126,650
REG-0164,Pune,Maharashtra,18.52936,73.76963,Student,1261,7,886619,0.0862,570
REG-0165,Delhi,Delhi,28.73024,77.09037,Student,386,3,461701,0.1394,116
REG-0166,Ahmedabad,Gujarat,23.13865,72.74269,Early Career,1407,9,619526,0.1261,670
REG-0167,Bengaluru,Karnataka,13.06415,77.48189,Early Career,354,4,1032598,0.1087,300
REG-0168,Ahmedabad,Gujarat,22.93388,72.39779,Student,374,12,863619,0.1182,758
REG-0169,Jaipur,Rajasthan,26.7644,75.82755,Student,1361,1,584433,0.058,375
REG-0170,Ahmedabad,Gujarat,22.87145,72.61203,Student,369,11,1029144,0.0575,484
REG-0171,Chennai,Tamil Nadu,13.15916,80.29957,Student,1016,12,826218,0.0962,204
REG-0172,Bengaluru,Karnataka,12.8744,77.56445,Professional,1203,11,355434,0.1286,711
REG-0173,Hyderabad,Telangana,17.45183,78.55322,Student,1145,12,563705,0.0619,783
REG-0174,Ahmedabad,Gujarat,23.19925,72.46501,Student,730,14,516523,0.1289,626
REG-0175,Ahmedabad,Gujarat,23.12367,72.65636,Professional,1557,9,1039491,0.0625,451
REG-0176,Jaipur,Rajasthan,26.80714,75.92335,Student,1305,15,314711,0.0836,472
REG-0177,Jaipur,Rajasthan,26.85811,75.90442,Early Career,792,4,789351,0.0462,419
REG-0178,Kochi,Kerala,9.93727,76.11739,Early Career,1058,13,848521,0.1351,650
REG-0179,Ahmedabad,Gujarat,23.06136,72.55301,Student,1057,5,615977,0.0523,535
REG-0180,Mumbai,Maharashtra,19.21028,73.02694,Early Career,471,10,693328,0.1114,823
REG-0181,Ahmedabad,Gujarat,23.1491,72.57593,Professional,253,14,811312,0.1238,788
REG-0182,Mumbai,Maharashtra,19.01531,72.94211,Professional,1716,6,624930,0.0426,114
REG-0183,Bengaluru,Karnataka,12.89358,77.56774,Early Career,1579,8,534102,0.1392,346
REG-0184,Bengaluru,Karnataka,12.99075,77.58567,Student,787,13,652461,0.0371,745
REG-0185,Delhi,Delhi,28.5209,77.09917,Early Career,258,8,560967,0.037,549
REG-0186,Pune,Maharashtra,18.55126,73.86766,Early Career,1636,7,750674,0.1063,648
REG-0187,Delhi,Delhi,28.54262,77.14571,Professional,360,1,948481,0.077,669
REG-0188,Bengaluru,Karnataka,12.98737,77.55118,Early Career,1660,2,386885,0.1035,572
REG-0189,Delhi,Delhi,28.54324,77.16639,Early Career,1053,15,417312,0.0583,240
REG-0190,Chennai,Tamil Nadu,13.15458,80.31724,Student,646,10,397773,0.0551,525
REG-0191,Kochi,Kerala,9.84016,76.40557,Professional,1257,3,713073,0.0397,616
REG-0192,Jaipur,Rajasthan,27.05051,75.86306,Professional,1852,8,897866,0.0739,328
REG-0193,Ahmedabad,Gujarat,23.04114,72.58214,Student,358,7,830084,0.1135,392
REG-0194,Kochi,Kerala,9.94782,76.19713,Professional,1458,2,738221,0.0391,382
REG-0195,Kochi,Kerala,9.94804,76.37904,Professional,1336,9,957525,0.0787,284
REG-0196,Hyderabad,Telangana,17.30597,78.64788,Student,1214,12,424259,0.1274,133
REG-0197,Ahmedabad,Gujarat,23.17037,72.59936,Professional,1338,1,879615,0.0934,658
REG-0198,Mumbai,Maharashtra,18.93415,72.9105,Early Career,1660,7,311810,0.0341,451
REG-0199,Kolkata,West Bengal,22.63104,88.52119,Early Career,1848,9,917663,0.1303,316
REG-0200,Delhi,Delhi,28.48857,77.15023,Student,601,7,952524,0.0471,781
REG-0201,Bengaluru,Karnataka,13.08558,77.58981,Professional,1492,13,417326,0.029,808
REG-0202,Pune,Maharashtra,18.40354,73.93409,Student,1481,15,417757,0.1353,630
REG-0203,Hyderabad,Telangana,17.4479,78.56431,Professional,491,3,288883,0.075,215
REG-0204,Bengaluru,Karnataka,13.11942,77.5754,Student,412,12,735009,0.117,492
REG-0205,Ahmedabad,Gujarat,23.16724,72.55146,Student,873,1,346383,0.0527,762
REG-0206,Kochi,Kerala,9.97188,76.35779,Early Career,1787,1,826215,0.1305,407
REG-0207,Ahmedabad,Gujarat,23.16629,72.46558,Early Career,1105,10,705281,0.1268,696
REG-0208,Pune,Maharashtra,18.44918,73.84081,Professional,451,2,417980,0.1059,677
REG-0209,Bengaluru,Karnataka,13.1213,77.41426,Student,806,4,624931,0.028,380
REG-0210,Delhi,Delhi,28.69402,77.22339,Student,1898,6,977735,0.1148,467
REG-0211,Kolkata,West Bengal,22.60496,88.40404,Professional,244,7,377430,0.0329,365
REG-0212,Pune,Maharashtra,18.67414,73.76478,Professional,1098,11,1046668,0.0194,101
REG-0213,Chennai,Tamil Nadu,13.01627,80.10375,Student,789,9,312635,0.0819,144
REG-0214,Bengaluru,Karnataka,12.8961,77.61895,Student,1588,9,735399,0.0495,455
REG-0215,Mumbai,Maharashtra,18.91316,72.99835,Professional,1238,2,856578,0.1227,525
REG-0216,Bengaluru,Karnataka,12.93317,77.56942,Professional,1882,6,663706,0.1165,565
REG-0217,Pune,Maharashtra,18.37001,73.88689,Early Career,1787,8,918777,0.02,228
REG-0218,Kochi,Kerala,9.77303,76.26964,Early Career,519,9,1002623,0.1342,604
REG-0219,Kolkata,West Bengal,22.74457,88.41453,Early Career,1526,6,563523,0.0412,147
REG-0220,Chennai,Tamil Nadu,13.00168,80.35765,Early Career,1011,10,451697,0.0556,371
REG-0221,Chennai,Tamil Nadu,13.02871,80.38445,Professional,362,14,403706,0.0267,585
REG-0222,Chennai,Tamil Nadu,13.14333,80.20017,Student,839,1,561766,0.1393,198
REG-0223,Hyderabad,Telangana,17.47303,78.49051,Early Career,1716,5,763681,0.1222,332
REG-0224,Hyderabad,Telangana,17.52699,78.49621,Professional,260,8,293460,0.0218,786
REG-0225,Pune,Maharashtra,18.584,73.70295,Professional,1234,2,473220,0.1053,849
REG-0226,Kochi,Kerala,9.75867,76.32078,Professional,1797,3,353814,0.1372,455
REG-0227,Chennai,Tamil Nadu,13.04643,80.24791,Professional,1653,7,1020211,0.1261,606
REG-0228,Hyderabad,Telangana,17.37564,78.62183,Student,1189,9,342608,0.0453,559
REG-0229,Kochi,Kerala,9.82949,76.30086,Early Career,1364,3,292347,0.0222,351
REG-0230,Hyderabad,Telangana,17.30662,78.53756,Professional,1022,2,392946,0.1089,766
REG-0231,Jaipur,Rajasthan,26.89417,75.85079,Early Career,1832,8,748838,0.1355,603
REG-0232,Mumbai,Maharashtra,19.02222,72.97139,Early Career,968,11,1043674,0.0477,344
REG-0233,Jaipur,Rajasthan,26.83569,75.87188,Early Career,583,9,757510,0.0621,105
REG-0234,Ahmedabad,Gujarat,23.16314,72.42948,Early Career,962,1,546357,0.1204,619
REG-0235,Kochi,Kerala,9.88637,76.1619,Early Career,1042,10,499892,0.0701,695
REG-0236,Ahmedabad,Gujarat,23.18082,72.69181,Student,1573,12,594194,0.1203,742
REG-0237,Pune,Maharashtra,18.44724,73.69228,Professional,1459,2,649451,0.1397,713
REG-0238,Kochi,Kerala,10.10994,76.25734,Early Career,1550,7,646438,0.0561,655
REG-0239,Pune,Maharashtra,18.57429,73.78082,Professional,414,8,467482,0.0268,838
REG-0240,Hyderabad,Telangana,17.54306,78.6019,Professional,1594,15,877712,0.11,690
REG-0241,Ahmedabad,Gujarat,23.15213,72.48925,Professional,486,12,894780,0.0878,433
REG-0242,Pune,Maharashtra,18.49853,74.02149,Professional,1548,6,487710,0.0285,657
REG-0243,Kochi,Kerala,9.93488,76.22844,Professional,917,12,923347,0.0933,654
REG-0244,Mumbai,Maharashtra,19.16082,72.72052,Student,1671,3,289704,0.0573,690
REG-0245,Delhi,Delhi,28.4805,77.26202,Professional,456,1,960015,0.0519,760
REG-0246,Chennai,Tamil Nadu,13.18503,80.15464,Professional,1551,6,446318,0.1006,99
REG-0247,Kolkata,West Bengal,22.40122,88.37281,Professional,1239,7,760704,0.0524,595
REG-0248,Delhi,Delhi,28.50884,77.3143,Professional,868,4,900119,0.1056,736
REG-0249,Kochi,Kerala,9.77613,76.20952,Early Career,1791,8,471941,0.0835,117
REG-0250,Jaipur,Rajasthan,26.97374,75.6592,Early Career,851,2,891446,0.0551,342
REG-0251,Bengaluru,Karnataka,12.9969,77.62196,Student,1704,5,598500,0.0822,275
REG-0252,Ahmedabad,Gujarat,22.97542,72.72163,Professional,270,12,838538,0.0834,447
REG-0253,Mumbai,Maharashtra,19.21684,72.85692,Early Career,1517,10,936042,0.0825,680
REG-0254,Chennai,Tamil Nadu,13.16394,80.42452,Early Career,1824,6,469571,0.0927,692
REG-0255,Hyderabad,Telangana,17.43488,78.37294,Professional,1778,12,533495,0.1313,305
REG-0256,Chennai,Tamil Nadu,13.18259,80.37414,Professional,1232,8,398901,0.0381,549
REG-0257,Chennai,Tamil Nadu,13.15771,80.34717,Student,1852,11,860019,0.0839,133
REG-0258,Chennai,Tamil Nadu,12.99571,80.33747,Early Career,1849,13,709063,0.1221,465
REG-0259,Delhi,Delhi,28.6938,77.22513,Student,861,2,572204,0.0978,428
REG-0260,Pune,Maharashtra,18.63867,73.76291,Student,1703,7,745203,0.0182,295
REG-0261,Pune,Maharashtra,18.36593,73.7829,Professional,1745,3,997441,0.0405,700
REG-0262,Chennai,Tamil Nadu,13.22724,80.43563,Professional,1013,15,654485,0.1234,230
REG-0263,Chennai,Tamil Nadu,12.98114,80.23569,Professional,1530,3,874617,0.0975,790
REG-0264,Chennai,Tamil Nadu,13.06042,80.35959,Professional,748,6,628093,0.1257,183
REG-0265,Bengaluru,Karnataka,12.9792,77.41353,Student,513,3,792541,0.1172,177
REG-0266,Hyderabad,Telangana,17.37222,78.53169,Professional,1617,10,868509,0.0868,643
REG-0267,Delhi,Delhi,28.46282,77.07192,Professional,1677,6,662879,0.0891,429
REG-0268,Mumbai,Maharashtra,19.10894,73.05643,Early Career,1349,4,321658,0.1039,807
REG-0269,Delhi,Delhi,28.57407,77.31172,Early Career,272,6,416224,0.0803,402
REG-0270,Pune,Maharashtra,18.6007,73.69175,Professional,1495,10,928036,0.0845,210
REG-0271,Jaipur,Rajasthan,26.99845,75.89863,Early Career,706,4,767450,0.1354,398
REG-0272,Hyderabad,Telangana,17.52758,78.31752,Student,1238,3,292708,0.1005,232
REG-0273,Mumbai,Maharashtra,18.92147,72.87946,Student,447,2,406683,0.0605,538
REG-0274,Ahmedabad,Gujarat,23.10994,72.44883,Student,658,12,814401,0.1262,283
REG-0275,Chennai,Tamil Nadu,13.02758,80.17603,Professional,1897,3,432727,0.0747,418
REG-0276,Mumbai,Maharashtra,19.1582,72.91699,Early Career,350,1,786221,0.0964,375
REG-0277,Kochi,Kerala,10.02487,76.12078,Early Career,266,4,341839,0.0342,209
REG-0278,Chennai,Tamil Nadu,13.19993,80.1031,Professional,1289,12,720282,0.0253,598
REG-0279,Bengaluru,Karnataka,13.04076,77.44594,Student,930,6,331181,0.1123,482
REG-0280,Jaipur,Rajasthan,26.76343,75.92886,Student,1220,5,670182,0.1249,357
REG-0281,Chennai,Tamil Nadu,13.23975,80.21229,Student,1650,3,692624,0.0426,699
REG-0282,Kochi,Kerala,10.08024,76.33797,Student,967,2,1036072,0.0254,524
REG-0283,Jaipur,Rajasthan,26.7366,75.90611,Student,1878,12,509913,0.0658,146
REG-0284,Ahmedabad,Gujarat,23.00974,72.48359,Student,1807,15,849005,0.0555,386
REG-0285,Mumbai,Maharashtra,18.96986,72.85682,Professional,1068,12,818649,0.0463,97
REG-0286,Kochi,Kerala,10.0525,76.15092,Student,997,6,891966,0.0383,334
REG-0287,Mumbai,Maharashtra,19.24068,72.8369,Early Career,1415,3,751988,0.0548,108
REG-0288,Kochi,Kerala,10.08512,76.35499,Early Career,961,1,588967,0.0815,491
REG-0289,Jaipur,Rajasthan,26.91337,75.89816,Student,1245,10,527072,0.1275,234
REG-0290,Chennai,Tamil Nadu,12.93818,80.43937,Student,1828,15,427163,0.0469,136
REG-0291,Delhi,Delhi,28.74041,77.16906,Professional,1265,1,519651,0.0898,743
REG-0292,Kochi,Kerala,9.88422,76.19212,Professional,1275,14,758903,0.1135,571
REG-0293,Ahmedabad,Gujarat,23.13771,72.4616,Professional,801,6,376202,0.1092,359
REG-0294,Bengaluru,Karnataka,12.94587,77.54883,Early Career,1306,3,858187,0.1177,243
REG-0295,Chennai,Tamil Nadu,13.20442,80.35411,Student,1482,4,835572,0.1088,788
REG-0296,Hyderabad,Telangana,17.33668,78.66359,Professional,1270,14,840855,0.0647,476
REG-0297,Chennai,Tamil Nadu,13.06175,80.38601,Early Career,227,8,303090,0.081,777
REG-0298,Mumbai,Maharashtra,19.1466,72.76932,Professional,1576,5,607815,0.0746,545
REG-0299,Jaipur,Rajasthan,26.77535,75.82064,Professional,428,10,1013937,0.1251,438
REG-0300,Jaipur,Rajasthan,26.74204,75.65771,Professional,380,1,501355,0.0772,825
REG-0301,Delhi,Delhi,28.55336,77.03469,Early Career,205,12,718356,0.0286,268
REG-0302,Kolkata,West Bengal,22.42815,88.38865,Professional,1865,3,579176,0.1138,838
REG-0303,Kochi,Kerala,9.93628,76.13666,Student,302,6,468105,0.0225,395
REG-0304,Pune,Maharashtra,18.63594,73.96629,Early Career,1318,15,931193,0.0341,825
REG-0305,Ahmedabad,Gujarat,22.88133,72.71232,Professional,1458,14,354636,0.0754,183
REG-0306,Kochi,Kerala,9.99164,76.37445,Professional,214,2,578681,0.074,527
REG-0307,Delhi,Delhi,28.70192,77.15094,Professional,1642,3,735504,0.0731,524
REG-0308,Chennai,Tamil Nadu,13.12428,80.36416,Professional,918,9,909202,0.05,158
REG-0309,Mumbai,Maharashtra,19.10782,72.95399,Student,748,12,963996,0.135,644
REG-0310,Pune,Maharashtra,18.60149,73.74179,Professional,1681,11,889337,0.052,850
REG-0311,Mumbai,Maharashtra,19.05172,73.0462,Professional,1649,14,583251,0.0615,504
REG-0312,Ahmedabad,Gujarat,23.15376,72.60781,Professional,1466,10,462702,0.1117,650
REG-0313,Pune,Maharashtra,18.58513,73.83664,Student,443,1,745930,0.0657,562
REG-0314,Ahmedabad,Gujarat,23.0764,72.51823,Professional,453,6,365431,0.0459,117
REG-0315,Kochi,Kerala,10.04272,76.40398,Professional,263,2,829162,0.0648,783
REG-0316,Chennai,Tamil Nadu,13.2463,80.20531,Early Career,312,5,703124,0.099,357
REG-0317,Pune,Maharashtra,18.65549,74.03714,Early Career,888,9,403016,0.1247,594
REG-0318,Pune,Maharashtra,18.37934,73.89995,Early Career,347,3,623291,0.0221,182
REG-0319,Delhi,Delhi,28.55614,77.07782,Professional,1148,15,767164,0.1374,432
REG-0320,Kolkata,West Bengal,22.57384,88.41917,Professional,799,15,719938,0.0836,368
REG-0321,Delhi,Delhi,28.4632,77.16399,Professional,880,13,806994,0.1191,828
REG-0322,Chennai,Tamil Nadu,13.13872,80.36113,Student,1899,14,535230,0.0941,244
REG-0323,Delhi,Delhi,28.5322,77.13844,Early Career,1730,2,521811,0.1136,734
REG-0324,Pune,Maharashtra,18.52128,74.03298,Professional,1651,7,896680,0.0784,745
REG-0325,Delhi,Delhi,28.62888,77.07979,Early Career,1151,1,516274,0.0451,469
REG-0326,Hyderabad,Telangana,17.2289,78.31431,Student,743,4,924611,0.1032,168
REG-0327,Kolkata,West Bengal,22.54297,88.23816,Professional,1525,7,819584,0.1007,261
REG-0328,Delhi,Delhi,28.73461,77.07247,Student,1375,8,958397,0.0294,380
REG-0329,Jaipur,Rajasthan,26.73755,75.86492,Early Career,592,15,534325,0.1163,150
REG-0330,Delhi,Delhi,28.44029,77.26773,Student,1768,3,826030,0.0322,324
REG-0331,Mumbai,Maharashtra,19.08886,73.01875,Professional,490,4,541563,0.0786,334
REG-0332,Pune,Maharashtra,18.66244,73.79288,Student,1273,13,461667,0.086,372
REG-0333,Delhi,Delhi,28.59955,77.38304,Professional,594,4,979290,0.0214,433
REG-0334,Ahmedabad,Gujarat,22.94045,72.48789,Professional,1003,4,505430,0.0552,615
REG-0335,Ahmedabad,Gujarat,22.99163,72.63529,Early Career,1487,11,995265,0.0474,669
REG-0336,Pune,Maharashtra,18.47641,73.88054,Student,1276,3,361168,0.1256,360
REG-0337,Kolkata,West Bengal,22.49363,88.2526,Early Career,949,8,808962,0.12,267
REG-0338,Bengaluru,Karnataka,12.90336,77.52705,Professional,318,12,285071,0.1167,459
REG-0339,Delhi,Delhi,28.47112,77.31288,Professional,1462,10,474268,0.0213,710
REG-0340,Kochi,Kerala,9.84033,76.34157,Student,367,8,343876,0.0979,370
REG-0341,Hyderabad,Telangana,17.31173,78.31743,Early Career,1568,3,323852,0.1204,341
REG-0342,Chennai,Tamil Nadu,12.97897,80.34174,Professional,1599,13,995732,0.0724,729
REG-0343,Ahmedabad,Gujarat,22.92865,72.65255,Student,995,5,842252,0.0683,426
REG-0344,Hyderabad,Telangana,17.30421,78.42819,Professional,856,9,594736,0.0476,395
REG-0345,Pune,Maharashtra,18.57276,73.73171,Student,917,2,418899,0.0657,175
REG-0346,Chennai,Tamil Nadu,13.05594,80.2653,Professional,1266,3,907935,0.0223,215
REG-0347,Kolkata,West Bengal,22.6375,88.4177,Early Career,841,15,700804,0.0405,150
REG-0348,Kolkata,West Bengal,22.66455,88.51776,Professional,1451,7,602433,0.022,107
REG-0349,Delhi,Delhi,28.60527,77.12635,Professional,858,11,462003,0.0269,314
REG-0350,Delhi,Delhi,28.76202,77.08176,Professional,1889,5,947784,0.1019,228
REG-0351,Delhi,Delhi,28.57695,77.29018,Early Career,240,4,1043761,0.0426,250
REG-0352,Pune,Maharashtra,18.55377,73.8188,Professional,238,7,938184,0.1094,762
REG-0353,Kolkata,West Bengal,22.56327,88.43367,Professional,1799,1,795119,0.1355,727
REG-0354,Chennai,Tamil Nadu,13.00656,80.09943,Professional,950,11,820626,0.136,574
REG-0355,Delhi,Delhi,28.64832,77.06106,Professional,1477,4,560543,0.0858,127
REG-0356,Kolkata,West Bengal,22.62872,88.53465,Student,283,12,999230,0.0265,110
REG-0357,Pune,Maharashtra,18.42182,73.70738,Student,1298,13,526124,0.1,846
REG-0358,Chennai,Tamil Nadu,13.13138,80.18449,Early Career,1473,5,394385,0.0674,520
REG-0359,Ahmedabad,Gujarat,23.0803,72.70169,Early Career,369,2,1001977,0.1085,314
REG-0360,Chennai,Tamil Nadu,13.24887,80.24519,Professional,645,1,748627,0.0791,185
REG-0361,Pune,Maharashtra,18.46782,73.80204,Early Career,1856,1,475765,0.1052,645
REG-0362,Bengaluru,Karnataka,13.03493,77.58415,Professional,1707,14,986775,0.032,405
REG-0363,Kochi,Kerala,9.98299,76.20903,Student,508,6,505016,0.1249,583
REG-0364,Kolkata,West Bengal,22.71316,88.48383,Early Career,1295,5,680625,0.0547,636
REG-0365,Pune,Maharashtra,18.63849,73.70317,Student,784,13,653439,0.0267,248
REG-0366,Ahmedabad,Gujarat,23.07573,72.45854,Early Career,723,1,924356,0.0714,367
REG-0367,Hyderabad,Telangana,17.42184,78.39804,Early Career,867,3,906240,0.1011,479
REG-0368,Pune,Maharashtra,18.40934,74.00852,Student,957,10,907954,0.1006,211
REG-0369,Mumbai,Maharashtra,19.08573,73.05093,Early Career,1130,12,724199,0.0709,476
REG-0370,Kolkata,West Bengal,22.65311,88.22138,Professional,1659,6,1023966,0.0339,114
REG-0371,Ahmedabad,Gujarat,22.98686,72.71903,Professional,1388,9,722912,0.139,462
REG-0372,Kochi,Kerala,9.9737,76.31826,Professional,716,1,382790,0.137,310
REG-0373,Chennai,Tamil Nadu,13.00589,80.36518,Early Career,1831,5,1038180,0.1158,228
REG-0374,Mumbai,Maharashtra,19.23472,72.72223,Professional,775,14,581335,0.1391,278
REG-0375,Mumbai,Maharashtra,18.98724,72.9091,Student,277,3,374435,0.0741,416
REG-0376,Kolkata,West Bengal,22.6061,88.43817,Student,1038,12,334616,0.1314,610
REG-0377,Hyderabad,Telangana,17.28352,78.51964,Professional,613,8,700075,0.028,259
REG-0378,Ahmedabad,Gujarat,23.19595,72.50647,Student,812,5,513517,0.1356,625
REG-0379,Jaipur,Rajasthan,27.08279,75.70111,Student,809,8,702399,0.1369,536
REG-0380,Hyderabad,Telangana,17.46465,78.4322,Professional,1835,12,378237,0.1065,225
REG-0381,Hyderabad,Telangana,17.5675,78.48926,Student,1322,4,501584,0.1076,158
REG-0382,Delhi,Delhi,28.61694,77.15162,Student,740,2,763490,0.1057,619
REG-0383,Chennai,Tamil Nadu,13.18629,80.10889,Professional,849,10,586387,0.1215,198
REG-0384,Kochi,Kerala,9.98014,76.17562,Professional,1631,1,412212,0.1199,507
REG-0385,Kochi,Kerala,10.10465,76.15501,Early Career,1481,9,507527,0.1036,834
REG-0386,Delhi,Delhi,28.5337,77.38543,Student,380,15,759882,0.0704,696
REG-0387,Kochi,Kerala,9.75848,76.20219,Early Career,1216,9,791498,0.0187,442
REG-0388,Chennai,Tamil Nadu,12.96669,80.2318,Student,1347,1,958832,0.025,559
REG-0389,Jaipur,Rajasthan,26.79827,75.86975,Student,641,8,352701,0.1122,643
REG-0390,Pune,Maharashtra,18.54382,73.7516,Professional,436,3,393571,0.0266,461
REG-0391,Chennai,Tamil Nadu,13.02756,80.37654,Professional,1442,4,1044937,0.0811,146
REG-0392,Bengaluru,Karnataka,13.08239,77.71677,Professional,207,9,600082,0.0518,591
REG-0393,Delhi,Delhi,28.58723,77.08387,Student,1633,4,579558,0.0588,787
REG-0394,Bengaluru,Karnataka,12.94708,77.44706,Student,544,13,522412,0.0381,728
REG-0395,Pune,Maharashtra,18.59706,73.95128,Early Career,367,11,956957,0.0693,244
REG-0396,Delhi,Delhi,28.65123,77.1963,Professional,1845,8,445803,0.0549,357
REG-0397,Hyderabad,Telangana,17.41861,78.36317,Student,1580,1,893153,0.1007,391
REG-0398,Pune,Maharashtra,18.51478,73.78518,Student,694,4,607313,0.0395,154
REG-0399,Chennai,Tamil Nadu,12.9649,80.18462,Student,1600,9,496341,0.0323,288
REG-0400,Bengaluru,Karnataka,12.79639,77.70632,Student,244,8,1037730,0.048,553
